{
    "camera_mounted_positions": {
        "766": {
            "location": "right_front",
            "width": 1280,
            "height": 800,
            "frame_rate": 100
        },
        "UC762": {
            "location": "left_front",
            "width": 1280,
            "height": 800,
            "frame_rate": 100
        },
        "010000": {
            "location": "right_front",
            "width": 1280,
            "height": 720,
            "frame_rate": 60
        },
        "cam13": {
            "location": "left_front",
            "width": 1280,
            "height": 800,
            "frame_rate": 100
        },
        "cam14": {
            "location": "right_front",
            "width": 1280,
            "height": 800,
            "frame_rate": 100
        },
        "cam11": {
            "location": "right_back",
            "width": 1280,
            "height": 800,
            "frame_rate": 100
        },
        "cam12": {
            "location": "left_back",
            "width": 1280,
            "height": 800,
            "frame_rate": 100
        }
    },
    "extrinsics": {
        "left_front": {
            "rotation": [
                [
                    0.018362795934081078,
                    -0.3969206213951111,
                    -0.9176692366600037
                ],
                [
                    0.9998015761375427,
                    0.00019763408636208624,
                    0.019920799881219864
                ],
                [
                    -0.007725613657385111,
                    -0.9178529381752014,
                    0.3968454897403717
                ]
            ],
            "offset": [
                0.09344450384378433,
                0.3054337203502655,
                0.388673335313797
            ]
        },
        "right_front": {
            "rotation": [
                [
                    -0.018342308700084686,
                    -0.38502153754234314,
                    -0.922725260257721
                ],
                [
                    0.9998031258583069,
                    -7.67350138630718e-05,
                    -0.019842475652694702
                ],
                [
                    0.007568974979221821,
                    -0.9229075908660889,
                    0.38494712114334106
                ]
            ],
            "offset": [
                0.02655547298491001,
                -0.3144337236881256,
                0.27332666516304016
            ]
        },
        "left_back": {
            "rotation": [
                [
                    0.5,
                    -0.0,
                    0.866025
                ],
                [
                    -0.866025,
                    0.0,
                    0.5
                ],
                [
                    -0.0,
                    -1.0,
                    0.0
                ]
            ],
            "offset": [
                -0.311,
                0.311,
                0.2159
            ]
        },
        "right_back": {
            "rotation": [
                [
                    -0.5,
                    0.0,
                    0.866025
                ],
                [
                    -0.866025,
                    0.0,
                    -0.5
                ],
                [
                    -0.0,
                    -1.0,
                    0.0
                ]
            ],
            "offset": [
                -0.311,
                -0.311,
                0.2159
            ]
        }
    }
}
