{
    "matrix": [
        [
            1117.1950163923204,
            0.0,
            1003.801231092486
        ],
        [
            0.0,
            1114.1472736019841,
            390.51325038859653
        ],
        [
            0.0,
            0.0,
            1.0
        ]
    ],
    "disto": [
        [
            0.03486164153212639,
            -0.09547718403080037,
            0.00041547839218385575,
            0.0002745973080899591,
            0.0368737506015899
        ]
    ],
    "rmse_reprojection_error": 0.5316623545448615,
    "method": "charuco",
    "board_cols": 11,
    "board_rows": 9,
    "square_length": 0.06,
    "marker_length": 0.045
}