{
    "matrix": [
        [
            1125.7618143623195,
            0.0,
            988.6746040913556
        ],
        [
            0.0,
            1125.897929474083,
            380.9173565507687
        ],
        [
            0.0,
            0.0,
            1.0
        ]
    ],
    "disto": [
        [
            0.058907107566569916,
            -0.14746561008223694,
            -0.0010698194308961903,
            0.0010601676581097406,
            0.08798585007949308
        ]
    ],
    "rmse_reprojection_error": 0.2807123491937994,
    "method": "charuco",
    "board_cols": 11,
    "board_rows": 9,
    "square_length": 0.06,
    "marker_length": 0.045
}