{
    "matrix": [
        [
            914.0801571188616,
            0.0,
            625.1150829138653
        ],
        [
            0.0,
            914.3078407377062,
            378.822274267278
        ],
        [
            0.0,
            0.0,
            1.0
        ]
    ],
    "disto": [
        [
            0.04973377015179247,
            -0.08012018060909391,
            -2.4877349019157287e-05,
            3.686695112167746e-05,
            0.0267847058671788
        ]
    ],
    "rmse_reprojection_error": 0.2268959634752607,
    "method": "charuco",
    "board_cols": 11,
    "board_rows": 9,
    "square_length": 0.06,
    "marker_length": 0.045
}