{
    "matrix": [
        [
            907.6307608682473,
            0.0,
            613.1252091294398
        ],
        [
            0.0,
            908.0796545795926,
            387.0416561479994
        ],
        [
            0.0,
            0.0,
            1.0
        ]
    ],
    "disto": [
        [
            0.05043606187830273,
            -0.07164601336726634,
            0.000386919716360067,
            -0.00015216400364144033,
            0.005834168261766574
        ]
    ],
    "rmse_reprojection_error": 0.2726829225142056,
    "method": "charuco",
    "board_cols": 11,
    "board_rows": 9,
    "square_length": 0.06,
    "marker_length": 0.045
}