{
    "matrix": [
        [
            895.4197285271587,
            0.0,
            647.5069356878843
        ],
        [
            0.0,
            893.8942629551434,
            408.87616549597027
        ],
        [
            0.0,
            0.0,
            1.0
        ]
    ],
    "disto": [
        [
            0.005899465878533667,
            0.039389593486136965,
            -0.006101245231202164,
            -0.0006082286765200363,
            -0.14638591533754725
        ]
    ],
    "rmse_reprojection_error": 0.45746149911840334,
    "method": "charuco",
    "board_cols": 11,
    "board_rows": 9,
    "square_length": 0.06,
    "marker_length": 0.045
}