{
    "matrix": [
        [
            916.4256846595517,
            0.0,
            647.87168112223
        ],
        [
            0.0,
            921.0770670292196,
            372.7462604657392
        ],
        [
            0.0,
            0.0,
            1.0
        ]
    ],
    "disto": [
        [
            0.08853408361668144,
            -0.28233489049167665,
            -0.00943772260965554,
            0.0008773005331892235,
            0.4221397726141186
        ]
    ],
    "rmse_reprojection_error": 0.04568765967454642,
    "method": "checkerboard",
    "board_cols": 10,
    "board_rows": 7,
    "square_length": 0.016
}