{
    "matrix": [
        [
            890.2251557103828,
            0.0,
            641.9891010675117
        ],
        [
            0.0,
            887.4559198277514,
            405.92628516147556
        ],
        [
            0.0,
            0.0,
            1.0
        ]
    ],
    "disto": [
        [
            0.022461512026298574,
            -0.05464549198046088,
            -0.0011466380036615524,
            -0.0014157747530616006,
            -0.002230250511941853
        ]
    ],
    "rmse_reprojection_error": 0.35972768242908454,
    "method": "charuco",
    "board_cols": 11,
    "board_rows": 9,
    "square_length": 0.06,
    "marker_length": 0.045
}