{
    "matrix": [
        [
            1119.3809147880115,
            0.0,
            998.8626508865515
        ],
        [
            0.0,
            1115.9353535009711,
            383.480909874262
        ],
        [
            0.0,
            0.0,
            1.0
        ]
    ],
    "disto": [
        [
            0.03276417036231909,
            -0.10564743190493162,
            0.0001858792555456346,
            -0.0008431902149778162,
            0.05020011592402552
        ]
    ],
    "rmse_reprojection_error": 0.7614124685123473,
    "method": "charuco",
    "board_cols": 11,
    "board_rows": 9,
    "square_length": 0.06,
    "marker_length": 0.045
}