{
    "matrix": [
        [
            907.381833948831,
            0.0,
            648.8334030137283
        ],
        [
            0.0,
            907.3132621739908,
            404.32367914918433
        ],
        [
            0.0,
            0.0,
            1.0
        ]
    ],
    "disto": [
        [
            0.05412876918992059,
            -0.09334028513315921,
            -0.0004724767785887412,
            -0.00045976906424757764,
            0.039936156340204
        ]
    ],
    "rmse_reprojection_error": 0.15771005922654363,
    "method": "charuco",
    "board_cols": 11,
    "board_rows": 9,
    "square_length": 0.06,
    "marker_length": 0.045
}